{
  "patrick mahomes ii rc light blue sp #269 52/199_2017": {
    "raw": {
      "avgPrice": 86.80952380952381,
      "count": 21,
      "minPrice": 2,
      "maxPrice": 285,
      "allPrices": [
        2,
        4,
        4,
        5,
        8,
        13,
        16,
        18,
        20,
        25,
        29,
        30,
        50,
        72,
        97,
        145,
        225,
        245,
        250,
        280,
        285
      ]
    },
    "psa9": {
      "avgPrice": 116.15863636363635,
      "count": 22,
      "minPrice": 2,
      "maxPrice": 300,
      "allPrices": [
        2,
        4,
        4,
        5,
        13,
        16,
        18,
        25,
        29,
        30,
        60,
        72,
        97,
        150,
        220.49,
        225,
        225,
        245,
        250,
        280,
        285,
        300
      ]
    }
  },
  "luka doncic rookie #177 gem mint_2018": {
    "raw": {
      "avgPrice": 37.585,
      "count": 2,
      "minPrice": 33.17,
      "maxPrice": 42,
      "allPrices": [
        33.17,
        42
      ]
    },
    "psa9": {
      "avgPrice": 2210.64,
      "count": 1,
      "minPrice": 2210.64,
      "maxPrice": 2210.64,
      "allPrices": [
        2210.64
      ]
    }
  },
  "baker mayfield next day kickoff rated rookie autographs personal edition rc_2018": {
    "raw": {
      "avgPrice": 92,
      "count": 20,
      "minPrice": 2,
      "maxPrice": 285,
      "allPrices": [
        2,
        4,
        4,
        5,
        8,
        13,
        16,
        18,
        20,
        25,
        29,
        50,
        97,
        119,
        145,
        225,
        245,
        250,
        280,
        285
      ]
    },
    "psa9": {
      "avgPrice": 117.02449999999999,
      "count": 20,
      "minPrice": 2,
      "maxPrice": 285,
      "allPrices": [
        2,
        4,
        4,
        5,
        13,
        25,
        29,
        30,
        60,
        72,
        97,
        119,
        150,
        220.49,
        225,
        225,
        245,
        250,
        280,
        285
      ]
    }
  },
  "premier league color blast mohamed salah #17 gem mint_2020": {
    "raw": {
      "avgPrice": 89.65,
      "count": 20,
      "minPrice": 2,
      "maxPrice": 285,
      "allPrices": [
        2,
        4,
        4,
        5,
        8,
        13,
        16,
        18,
        20,
        25,
        29,
        50,
        72,
        97,
        145,
        225,
        245,
        250,
        280,
        285
      ]
    },
    "psa9": {
      "avgPrice": 90.75,
      "count": 20,
      "minPrice": 2,
      "maxPrice": 285,
      "allPrices": [
        2,
        4,
        4,
        5,
        13,
        16,
        18,
        20,
        25,
        29,
        30,
        50,
        72,
        97,
        145,
        225,
        245,
        250,
        280,
        285
      ]
    }
  },
  "draft picks stained glass cade cunningham rookie #  gem_2021": {
    "raw": {
      "avgPrice": 89.65,
      "count": 20,
      "minPrice": 2,
      "maxPrice": 285,
      "allPrices": [
        2,
        4,
        4,
        5,
        8,
        13,
        16,
        18,
        20,
        25,
        29,
        50,
        72,
        97,
        145,
        225,
        245,
        250,
        280,
        285
      ]
    },
    "psa9": {
      "avgPrice": 91,
      "count": 20,
      "minPrice": 2,
      "maxPrice": 285,
      "allPrices": [
        2,
        4,
        4,
        5,
        13,
        16,
        18,
        20,
        25,
        29,
        30,
        50,
        72,
        97,
        150,
        225,
        245,
        250,
        280,
        285
      ]
    }
  },
  "pokemon japanese 25th anniversary promo holo birthday pikachu #  gem_2021": {
    "raw": {
      "avgPrice": 90.57894736842105,
      "count": 19,
      "minPrice": 2,
      "maxPrice": 285,
      "allPrices": [
        2,
        4,
        4,
        5,
        8,
        13,
        16,
        18,
        20,
        25,
        29,
        50,
        97,
        145,
        225,
        245,
        250,
        280,
        285
      ]
    },
    "psa9": {
      "avgPrice": 90.57894736842105,
      "count": 19,
      "minPrice": 2,
      "maxPrice": 285,
      "allPrices": [
        2,
        4,
        4,
        5,
        8,
        13,
        16,
        18,
        20,
        25,
        29,
        50,
        97,
        145,
        225,
        245,
        250,
        280,
        285
      ]
    }
  },
  "obsidian color blast black lamar jackson #cbb2 gem mint_2020": {
    "raw": {
      "avgPrice": 89.65,
      "count": 20,
      "minPrice": 2,
      "maxPrice": 285,
      "allPrices": [
        2,
        4,
        4,
        5,
        8,
        13,
        16,
        18,
        20,
        25,
        29,
        50,
        72,
        97,
        145,
        225,
        245,
        250,
        280,
        285
      ]
    },
    "psa9": {
      "avgPrice": 90.75,
      "count": 20,
      "minPrice": 2,
      "maxPrice": 285,
      "allPrices": [
        2,
        4,
        4,
        5,
        13,
        16,
        18,
        20,
        25,
        29,
        30,
        50,
        72,
        97,
        145,
        225,
        245,
        250,
        280,
        285
      ]
    }
  },
  "football archie manning #408 gem mint_1982": {
    "raw": {
      "avgPrice": 89.65,
      "count": 20,
      "minPrice": 2,
      "maxPrice": 285,
      "allPrices": [
        2,
        4,
        4,
        5,
        8,
        13,
        16,
        18,
        20,
        25,
        29,
        50,
        72,
        97,
        145,
        225,
        245,
        250,
        280,
        285
      ]
    },
    "psa9": {
      "avgPrice": 108.75,
      "count": 20,
      "minPrice": 2,
      "maxPrice": 285,
      "allPrices": [
        2,
        4,
        4,
        13,
        16,
        18,
        25,
        29,
        30,
        60,
        72,
        97,
        145,
        150,
        225,
        225,
        245,
        250,
        280,
        285
      ]
    }
  },
  "hyper lebron james #  gem mint_2020": {
    "raw": {
      "avgPrice": 168,
      "count": 1,
      "minPrice": 168,
      "maxPrice": 168,
      "allPrices": [
        168
      ]
    },
    "psa9": {
      "avgPrice": 90.75,
      "count": 20,
      "minPrice": 2,
      "maxPrice": 285,
      "allPrices": [
        2,
        4,
        4,
        5,
        13,
        16,
        18,
        20,
        25,
        29,
        30,
        50,
        72,
        97,
        145,
        225,
        245,
        250,
        280,
        285
      ]
    }
  },
  "silver cj stroud rookie #339 gem mint_2023": {
    "raw": {
      "avgPrice": 89.65,
      "count": 20,
      "minPrice": 2,
      "maxPrice": 285,
      "allPrices": [
        2,
        4,
        4,
        5,
        8,
        13,
        16,
        18,
        20,
        25,
        29,
        50,
        72,
        97,
        145,
        225,
        245,
        250,
        280,
        285
      ]
    },
    "psa9": {
      "avgPrice": 90.75,
      "count": 20,
      "minPrice": 2,
      "maxPrice": 285,
      "allPrices": [
        2,
        4,
        4,
        5,
        13,
        16,
        18,
        20,
        25,
        29,
        30,
        50,
        72,
        97,
        145,
        225,
        245,
        250,
        280,
        285
      ]
    }
  }
}